<?xml version="1.0" encoding="utf-8" standalone="yes"?>
<rss version="2.0" xmlns:atom="http://www.w3.org/2005/Atom">
  <channel>
    <title>Home - Clarity Psychological Services on My New Hugo Site</title>
    <link>http://example.org/services/</link>
    <description>Recent content in Home - Clarity Psychological Services on My New Hugo Site</description>
    <generator>Hugo -- gohugo.io</generator>
    <language>en-us</language><atom:link href="http://example.org/services/index.xml" rel="self" type="application/rss+xml" />
    <item>
      <title>Home - Clarity Psychological Services</title>
      <link>http://example.org/services/assessment/</link>
      <pubDate>Mon, 01 Jan 0001 00:00:00 +0000</pubDate>
      
      <guid>http://example.org/services/assessment/</guid>
      <description></description>
    </item>
    
    <item>
      <title>Home - Clarity Psychological Services</title>
      <link>http://example.org/services/coaching/</link>
      <pubDate>Mon, 01 Jan 0001 00:00:00 +0000</pubDate>
      
      <guid>http://example.org/services/coaching/</guid>
      <description></description>
    </item>
    
    <item>
      <title>Home - Clarity Psychological Services</title>
      <link>http://example.org/services/treatment/</link>
      <pubDate>Mon, 01 Jan 0001 00:00:00 +0000</pubDate>
      
      <guid>http://example.org/services/treatment/</guid>
      <description></description>
    </item>
    
  </channel>
</rss>
